<metadata xml:lang="en"><Esri><CreaDate>20181001</CreaDate><CreaTime>07350700</CreaTime><ArcGISFormat>1.0</ArcGISFormat><SyncOnce>FALSE</SyncOnce><DataProperties><lineage><Process ToolSource="c:\program files\arcgis\pro\Resources\ArcToolbox\toolboxes\Data Management Tools.tbx\CopyFeatures" Date="20181001" Time="073507">CopyFeatures green_tripdata_2015-09_Layer C:\Users\47288466\Documents\ArcGIS\Projects\MyProject11\MyProject11.gdb\green_tripdata_201509_XYTabl1 # # # #</Process><Process ToolSource="c:\program files\arcgis\pro\Resources\ArcToolbox\toolboxes\Data Management Tools.tbx\XYTableToPoint" Date="20181001" Time="073601">XYTableToPoint green_tripdata_2015-09.csv C:\Users\47288466\Documents\ArcGIS\Projects\MyProject11\MyProject11.gdb\green_tripdata_201509_XYTabl1 Pickup_longitude Pickup_latitude # "GEOGCS['GCS_WGS_1984',DATUM['D_WGS_1984',SPHEROID['WGS_1984',6378137.0,298.257223563]],PRIMEM['Greenwich',0.0],UNIT['Degree',0.0174532925199433]];-400 -400 1000000000;-100000 10000;-100000 10000;8.98315284119521E-09;0.001;0.001;IsHighPrecision"</Process><Process ToolSource="c:\program files\arcgis\pro\Resources\ArcToolbox\toolboxes\Analysis Tools.tbx\SpatialJoin" Date="20181001" Time="161435">SpatialJoin green_tripdata_201509_XYTabl1 ZIP_CODE_040114 C:\Users\47288466\Documents\ArcGIS\Projects\MyProject11\MyProject11.gdb\green_tripdata_201509_XYTabl4 "Join one to many" KEEP_ALL "VendorID "VendorID" true true false 4 Long 0 0,First,#,green_tripdata_201509_XYTabl1,VendorID,-1,-1;lpep_pickup_datetime "lpep_pickup_datetime" true true false 8 Date 0 0,First,#,green_tripdata_201509_XYTabl1,lpep_pickup_datetime,-1,-1;Lpep_dropoff_datetime "Lpep_dropoff_datetime" true true false 8 Date 0 0,First,#,green_tripdata_201509_XYTabl1,Lpep_dropoff_datetime,-1,-1;Store_and_fwd_flag "Store_and_fwd_flag" true true false 8000 Text 0 0,First,#,green_tripdata_201509_XYTabl1,Store_and_fwd_flag,0,8000;RateCodeID "RateCodeID" true true false 4 Long 0 0,First,#,green_tripdata_201509_XYTabl1,RateCodeID,-1,-1;Pickup_longitude "Pickup_longitude" true true false 8 Double 0 0,First,#,green_tripdata_201509_XYTabl1,Pickup_longitude,-1,-1;Pickup_latitude "Pickup_latitude" true true false 8 Double 0 0,First,#,green_tripdata_201509_XYTabl1,Pickup_latitude,-1,-1;Dropoff_longitude "Dropoff_longitude" true true false 8 Double 0 0,First,#,green_tripdata_201509_XYTabl1,Dropoff_longitude,-1,-1;Dropoff_latitude "Dropoff_latitude" true true false 8 Double 0 0,First,#,green_tripdata_201509_XYTabl1,Dropoff_latitude,-1,-1;Passenger_count "Passenger_count" true true false 4 Long 0 0,First,#,green_tripdata_201509_XYTabl1,Passenger_count,-1,-1;Trip_distance "Trip_distance" true true false 8 Double 0 0,First,#,green_tripdata_201509_XYTabl1,Trip_distance,-1,-1;Fare_amount "Fare_amount" true true false 8 Double 0 0,First,#,green_tripdata_201509_XYTabl1,Fare_amount,-1,-1;Extra "Extra" true true false 8 Double 0 0,First,#,green_tripdata_201509_XYTabl1,Extra,-1,-1;MTA_tax "MTA_tax" true true false 8 Double 0 0,First,#,green_tripdata_201509_XYTabl1,MTA_tax,-1,-1;Tip_amount "Tip_amount" true true false 8 Double 0 0,First,#,green_tripdata_201509_XYTabl1,Tip_amount,-1,-1;Tolls_amount "Tolls_amount" true true false 8 Double 0 0,First,#,green_tripdata_201509_XYTabl1,Tolls_amount,-1,-1;Ehail_fee "Ehail_fee" true true false 8000 Text 0 0,First,#,green_tripdata_201509_XYTabl1,Ehail_fee,0,8000;improvement_surcharge "improvement_surcharge" true true false 8 Double 0 0,First,#,green_tripdata_201509_XYTabl1,improvement_surcharge,-1,-1;Total_amount "Total_amount" true true false 8 Double 0 0,First,#,green_tripdata_201509_XYTabl1,Total_amount,-1,-1;Payment_type "Payment_type" true true false 4 Long 0 0,First,#,green_tripdata_201509_XYTabl1,Payment_type,-1,-1;Trip_type "Trip_type" true true false 4 Long 0 0,First,#,green_tripdata_201509_XYTabl1,Trip_type,-1,-1;ZIPCODE "ZIPCODE" true true false 5 Text 0 0,First,#,ZIP_CODE_040114,ZIPCODE,0,5;BLDGZIP "BLDGZIP" true true false 1 Text 0 0,First,#,ZIP_CODE_040114,BLDGZIP,0,1;PO_NAME "PO_NAME" true true false 28 Text 0 0,First,#,ZIP_CODE_040114,PO_NAME,0,28;POPULATION "POPULATION" true true false 19 Double 8 18,First,#,ZIP_CODE_040114,POPULATION,-1,-1;AREA "AREA" true true false 19 Double 8 18,First,#,ZIP_CODE_040114,AREA,-1,-1;STATE "STATE" true true false 2 Text 0 0,First,#,ZIP_CODE_040114,STATE,0,2;COUNTY "COUNTY" true true false 20 Text 0 0,First,#,ZIP_CODE_040114,COUNTY,0,20;ST_FIPS "ST_FIPS" true true false 2 Text 0 0,First,#,ZIP_CODE_040114,ST_FIPS,0,2;CTY_FIPS "CTY_FIPS" true true false 3 Text 0 0,First,#,ZIP_CODE_040114,CTY_FIPS,0,3;URL "URL" true true false 200 Text 0 0,First,#,ZIP_CODE_040114,URL,0,200;SHAPE_AREA "SHAPE_AREA" true true false 19 Double 0 0,First,#,ZIP_CODE_040114,SHAPE_AREA,-1,-1;SHAPE_LEN "SHAPE_LEN" true true false 19 Double 0 0,First,#,ZIP_CODE_040114,SHAPE_LEN,-1,-1" Intersect # #</Process><Process ToolSource="c:\program files\arcgis\pro\Resources\ArcToolbox\toolboxes\Data Management Tools.tbx\CopyFeatures" Date="20181001" Time="184528">CopyFeatures green_tripdata_201509_XYTabl4 "C:\Users\47288466\Desktop\Capital One Challenge\capital_one.shp" # # # #</Process></lineage><itemProps><itemName Sync="TRUE">capital_one</itemName><imsContentType Sync="TRUE">002</imsContentType><itemLocation><linkage Sync="TRUE">file://\\17-11204\C$\Users\47288466\Desktop\Capital One Challenge\capital_one.shp</linkage><protocol Sync="TRUE">Local Area Network</protocol></itemLocation><itemSize Sync="TRUE">0.000</itemSize></itemProps><coordRef><type Sync="TRUE">Geographic</type><geogcsn Sync="TRUE">GCS_WGS_1984</geogcsn><csUnits Sync="TRUE">Angular Unit: Degree (0.017453)</csUnits><peXml Sync="TRUE">&lt;GeographicCoordinateSystem xsi:type='typens:GeographicCoordinateSystem' xmlns:xsi='http://www.w3.org/2001/XMLSchema-instance' xmlns:xs='http://www.w3.org/2001/XMLSchema' xmlns:typens='http://www.esri.com/schemas/ArcGIS/2.2.0'&gt;&lt;WKT&gt;GEOGCS[&amp;quot;GCS_WGS_1984&amp;quot;,DATUM[&amp;quot;D_WGS_1984&amp;quot;,SPHEROID[&amp;quot;WGS_1984&amp;quot;,6378137.0,298.257223563]],PRIMEM[&amp;quot;Greenwich&amp;quot;,0.0],UNIT[&amp;quot;Degree&amp;quot;,0.0174532925199433],AUTHORITY[&amp;quot;EPSG&amp;quot;,4326]]&lt;/WKT&gt;&lt;XOrigin&gt;-400&lt;/XOrigin&gt;&lt;YOrigin&gt;-400&lt;/YOrigin&gt;&lt;XYScale&gt;11258999068426.238&lt;/XYScale&gt;&lt;ZOrigin&gt;-100000&lt;/ZOrigin&gt;&lt;ZScale&gt;10000&lt;/ZScale&gt;&lt;MOrigin&gt;-100000&lt;/MOrigin&gt;&lt;MScale&gt;10000&lt;/MScale&gt;&lt;XYTolerance&gt;8.983152841195215e-09&lt;/XYTolerance&gt;&lt;ZTolerance&gt;0.001&lt;/ZTolerance&gt;&lt;MTolerance&gt;0.001&lt;/MTolerance&gt;&lt;HighPrecision&gt;true&lt;/HighPrecision&gt;&lt;LeftLongitude&gt;-180&lt;/LeftLongitude&gt;&lt;WKID&gt;4326&lt;/WKID&gt;&lt;LatestWKID&gt;4326&lt;/LatestWKID&gt;&lt;/GeographicCoordinateSystem&gt;</peXml></coordRef></DataProperties><SyncDate>20181001</SyncDate><SyncTime>18430900</SyncTime><ModDate>20181001</ModDate><ModTime>18430900</ModTime></Esri><dataIdInfo><envirDesc Sync="TRUE">Microsoft Windows 10 Version 10.0 (Build 14393) ; Esri ArcGIS 12.2.0.12813</envirDesc><dataLang><languageCode value="eng" Sync="TRUE"></languageCode><countryCode value="USA" Sync="TRUE"></countryCode></dataLang><idCitation><resTitle Sync="TRUE">capital_one</resTitle><presForm><PresFormCd value="005" Sync="TRUE"></PresFormCd></presForm></idCitation><spatRpType><SpatRepTypCd value="001" Sync="TRUE"></SpatRepTypCd></spatRpType></dataIdInfo><mdLang><languageCode value="eng" Sync="TRUE"></languageCode><countryCode value="USA" Sync="TRUE"></countryCode></mdLang><distInfo><distFormat><formatName Sync="TRUE">Shapefile</formatName></distFormat><distTranOps><transSize Sync="TRUE">0.000</transSize></distTranOps></distInfo><mdHrLv><ScopeCd value="005" Sync="TRUE"></ScopeCd></mdHrLv><mdHrLvName Sync="TRUE">dataset</mdHrLvName><refSysInfo><RefSystem><refSysID><identCode code="4326" Sync="TRUE"></identCode><idCodeSpace Sync="TRUE">EPSG</idCodeSpace><idVersion Sync="TRUE">6.14(3.0.1)</idVersion></refSysID></RefSystem></refSysInfo><spatRepInfo><VectSpatRep><geometObjs Name="capital_one"><geoObjTyp><GeoObjTypCd value="004" Sync="TRUE"></GeoObjTypCd></geoObjTyp><geoObjCnt Sync="TRUE">0</geoObjCnt></geometObjs><topLvl><TopoLevCd value="001" Sync="TRUE"></TopoLevCd></topLvl></VectSpatRep></spatRepInfo><spdoinfo><ptvctinf><esriterm Name="capital_one"><efeatyp Sync="TRUE">Simple</efeatyp><efeageom code="1" Sync="TRUE"></efeageom><esritopo Sync="TRUE">FALSE</esritopo><efeacnt Sync="TRUE">0</efeacnt><spindex Sync="TRUE">FALSE</spindex><linrefer Sync="TRUE">FALSE</linrefer></esriterm></ptvctinf></spdoinfo><eainfo><detailed Name="capital_one"><enttyp><enttypl Sync="TRUE">capital_one</enttypl><enttypt Sync="TRUE">Feature Class</enttypt><enttypc Sync="TRUE">0</enttypc></enttyp><attr><attrlabl Sync="TRUE">FID</attrlabl><attalias Sync="TRUE">FID</attalias><attrtype Sync="TRUE">OID</attrtype><attwidth Sync="TRUE">4</attwidth><atprecis Sync="TRUE">0</atprecis><attscale Sync="TRUE">0</attscale><attrdef Sync="TRUE">Internal feature number.</attrdef><attrdefs Sync="TRUE">Esri</attrdefs><attrdomv><udom Sync="TRUE">Sequential unique whole numbers that are automatically generated.</udom></attrdomv></attr><attr><attrlabl Sync="TRUE">Shape</attrlabl><attalias Sync="TRUE">Shape</attalias><attrtype Sync="TRUE">Geometry</attrtype><attwidth Sync="TRUE">0</attwidth><atprecis Sync="TRUE">0</atprecis><attscale Sync="TRUE">0</attscale><attrdef Sync="TRUE">Feature geometry.</attrdef><attrdefs Sync="TRUE">Esri</attrdefs><attrdomv><udom Sync="TRUE">Coordinates defining the features.</udom></attrdomv></attr><attr><attrlabl Sync="TRUE">Join_Count</attrlabl><attalias Sync="TRUE">Join_Count</attalias><attrtype Sync="TRUE">Integer</attrtype><attwidth Sync="TRUE">10</attwidth><atprecis Sync="TRUE">10</atprecis><attscale Sync="TRUE">0</attscale></attr><attr><attrlabl Sync="TRUE">TARGET_FID</attrlabl><attalias Sync="TRUE">TARGET_FID</attalias><attrtype Sync="TRUE">Integer</attrtype><attwidth Sync="TRUE">10</attwidth><atprecis Sync="TRUE">10</atprecis><attscale Sync="TRUE">0</attscale></attr><attr><attrlabl Sync="TRUE">JOIN_FID</attrlabl><attalias Sync="TRUE">JOIN_FID</attalias><attrtype Sync="TRUE">Integer</attrtype><attwidth Sync="TRUE">10</attwidth><atprecis Sync="TRUE">10</atprecis><attscale Sync="TRUE">0</attscale></attr><attr><attrlabl Sync="TRUE">VendorID</attrlabl><attalias Sync="TRUE">VendorID</attalias><attrtype Sync="TRUE">Integer</attrtype><attwidth Sync="TRUE">10</attwidth><atprecis Sync="TRUE">10</atprecis><attscale Sync="TRUE">0</attscale></attr><attr><attrlabl Sync="TRUE">lpep_picku</attrlabl><attalias Sync="TRUE">lpep_picku</attalias><attrtype Sync="TRUE">Date</attrtype><attwidth Sync="TRUE">8</attwidth><atprecis Sync="TRUE">0</atprecis><attscale Sync="TRUE">0</attscale></attr><attr><attrlabl Sync="TRUE">Lpep_dropo</attrlabl><attalias Sync="TRUE">Lpep_dropo</attalias><attrtype Sync="TRUE">Date</attrtype><attwidth Sync="TRUE">8</attwidth><atprecis Sync="TRUE">0</atprecis><attscale Sync="TRUE">0</attscale></attr><attr><attrlabl Sync="TRUE">Store_and_</attrlabl><attalias Sync="TRUE">Store_and_</attalias><attrtype Sync="TRUE">String</attrtype><attwidth Sync="TRUE">254</attwidth><atprecis Sync="TRUE">0</atprecis><attscale Sync="TRUE">0</attscale></attr><attr><attrlabl Sync="TRUE">RateCodeID</attrlabl><attalias Sync="TRUE">RateCodeID</attalias><attrtype Sync="TRUE">Integer</attrtype><attwidth Sync="TRUE">10</attwidth><atprecis Sync="TRUE">10</atprecis><attscale Sync="TRUE">0</attscale></attr><attr><attrlabl Sync="TRUE">Pickup_lon</attrlabl><attalias Sync="TRUE">Pickup_lon</attalias><attrtype Sync="TRUE">Double</attrtype><attwidth Sync="TRUE">19</attwidth><atprecis Sync="TRUE">0</atprecis><attscale Sync="TRUE">0</attscale></attr><attr><attrlabl Sync="TRUE">Pickup_lat</attrlabl><attalias Sync="TRUE">Pickup_lat</attalias><attrtype Sync="TRUE">Double</attrtype><attwidth Sync="TRUE">19</attwidth><atprecis Sync="TRUE">0</atprecis><attscale Sync="TRUE">0</attscale></attr><attr><attrlabl Sync="TRUE">Dropoff_lo</attrlabl><attalias Sync="TRUE">Dropoff_lo</attalias><attrtype Sync="TRUE">Double</attrtype><attwidth Sync="TRUE">19</attwidth><atprecis Sync="TRUE">0</atprecis><attscale Sync="TRUE">0</attscale></attr><attr><attrlabl Sync="TRUE">Dropoff_la</attrlabl><attalias Sync="TRUE">Dropoff_la</attalias><attrtype Sync="TRUE">Double</attrtype><attwidth Sync="TRUE">19</attwidth><atprecis Sync="TRUE">0</atprecis><attscale Sync="TRUE">0</attscale></attr><attr><attrlabl Sync="TRUE">Passenger_</attrlabl><attalias Sync="TRUE">Passenger_</attalias><attrtype Sync="TRUE">Integer</attrtype><attwidth Sync="TRUE">10</attwidth><atprecis Sync="TRUE">10</atprecis><attscale Sync="TRUE">0</attscale></attr><attr><attrlabl Sync="TRUE">Trip_dista</attrlabl><attalias Sync="TRUE">Trip_dista</attalias><attrtype Sync="TRUE">Double</attrtype><attwidth Sync="TRUE">19</attwidth><atprecis Sync="TRUE">0</atprecis><attscale Sync="TRUE">0</attscale></attr><attr><attrlabl Sync="TRUE">Fare_amoun</attrlabl><attalias Sync="TRUE">Fare_amoun</attalias><attrtype Sync="TRUE">Double</attrtype><attwidth Sync="TRUE">19</attwidth><atprecis Sync="TRUE">0</atprecis><attscale Sync="TRUE">0</attscale></attr><attr><attrlabl Sync="TRUE">Extra</attrlabl><attalias Sync="TRUE">Extra</attalias><attrtype Sync="TRUE">Double</attrtype><attwidth Sync="TRUE">19</attwidth><atprecis Sync="TRUE">0</atprecis><attscale Sync="TRUE">0</attscale></attr><attr><attrlabl Sync="TRUE">MTA_tax</attrlabl><attalias Sync="TRUE">MTA_tax</attalias><attrtype Sync="TRUE">Double</attrtype><attwidth Sync="TRUE">19</attwidth><atprecis Sync="TRUE">0</atprecis><attscale Sync="TRUE">0</attscale></attr><attr><attrlabl Sync="TRUE">Tip_amount</attrlabl><attalias Sync="TRUE">Tip_amount</attalias><attrtype Sync="TRUE">Double</attrtype><attwidth Sync="TRUE">19</attwidth><atprecis Sync="TRUE">0</atprecis><attscale Sync="TRUE">0</attscale></attr><attr><attrlabl Sync="TRUE">Tolls_amou</attrlabl><attalias Sync="TRUE">Tolls_amou</attalias><attrtype Sync="TRUE">Double</attrtype><attwidth Sync="TRUE">19</attwidth><atprecis Sync="TRUE">0</atprecis><attscale Sync="TRUE">0</attscale></attr><attr><attrlabl Sync="TRUE">Ehail_fee</attrlabl><attalias Sync="TRUE">Ehail_fee</attalias><attrtype Sync="TRUE">String</attrtype><attwidth Sync="TRUE">254</attwidth><atprecis Sync="TRUE">0</atprecis><attscale Sync="TRUE">0</attscale></attr><attr><attrlabl Sync="TRUE">improvemen</attrlabl><attalias Sync="TRUE">improvemen</attalias><attrtype Sync="TRUE">Double</attrtype><attwidth Sync="TRUE">19</attwidth><atprecis Sync="TRUE">0</atprecis><attscale Sync="TRUE">0</attscale></attr><attr><attrlabl Sync="TRUE">Total_amou</attrlabl><attalias Sync="TRUE">Total_amou</attalias><attrtype Sync="TRUE">Double</attrtype><attwidth Sync="TRUE">19</attwidth><atprecis Sync="TRUE">0</atprecis><attscale Sync="TRUE">0</attscale></attr><attr><attrlabl Sync="TRUE">Payment_ty</attrlabl><attalias Sync="TRUE">Payment_ty</attalias><attrtype Sync="TRUE">Integer</attrtype><attwidth Sync="TRUE">10</attwidth><atprecis Sync="TRUE">10</atprecis><attscale Sync="TRUE">0</attscale></attr><attr><attrlabl Sync="TRUE">Trip_type</attrlabl><attalias Sync="TRUE">Trip_type</attalias><attrtype Sync="TRUE">Integer</attrtype><attwidth Sync="TRUE">10</attwidth><atprecis Sync="TRUE">10</atprecis><attscale Sync="TRUE">0</attscale></attr><attr><attrlabl Sync="TRUE">ZIPCODE</attrlabl><attalias Sync="TRUE">ZIPCODE</attalias><attrtype Sync="TRUE">String</attrtype><attwidth Sync="TRUE">5</attwidth><atprecis Sync="TRUE">0</atprecis><attscale Sync="TRUE">0</attscale></attr><attr><attrlabl Sync="TRUE">BLDGZIP</attrlabl><attalias Sync="TRUE">BLDGZIP</attalias><attrtype Sync="TRUE">String</attrtype><attwidth Sync="TRUE">1</attwidth><atprecis Sync="TRUE">0</atprecis><attscale Sync="TRUE">0</attscale></attr><attr><attrlabl Sync="TRUE">PO_NAME</attrlabl><attalias Sync="TRUE">PO_NAME</attalias><attrtype Sync="TRUE">String</attrtype><attwidth Sync="TRUE">28</attwidth><atprecis Sync="TRUE">0</atprecis><attscale Sync="TRUE">0</attscale></attr><attr><attrlabl Sync="TRUE">POPULATION</attrlabl><attalias Sync="TRUE">POPULATION</attalias><attrtype Sync="TRUE">Double</attrtype><attwidth Sync="TRUE">19</attwidth><atprecis Sync="TRUE">0</atprecis><attscale Sync="TRUE">0</attscale></attr><attr><attrlabl Sync="TRUE">AREA</attrlabl><attalias Sync="TRUE">AREA</attalias><attrtype Sync="TRUE">Double</attrtype><attwidth Sync="TRUE">19</attwidth><atprecis Sync="TRUE">0</atprecis><attscale Sync="TRUE">0</attscale></attr><attr><attrlabl Sync="TRUE">STATE</attrlabl><attalias Sync="TRUE">STATE</attalias><attrtype Sync="TRUE">String</attrtype><attwidth Sync="TRUE">2</attwidth><atprecis Sync="TRUE">0</atprecis><attscale Sync="TRUE">0</attscale></attr><attr><attrlabl Sync="TRUE">COUNTY</attrlabl><attalias Sync="TRUE">COUNTY</attalias><attrtype Sync="TRUE">String</attrtype><attwidth Sync="TRUE">20</attwidth><atprecis Sync="TRUE">0</atprecis><attscale Sync="TRUE">0</attscale></attr><attr><attrlabl Sync="TRUE">ST_FIPS</attrlabl><attalias Sync="TRUE">ST_FIPS</attalias><attrtype Sync="TRUE">String</attrtype><attwidth Sync="TRUE">2</attwidth><atprecis Sync="TRUE">0</atprecis><attscale Sync="TRUE">0</attscale></attr><attr><attrlabl Sync="TRUE">CTY_FIPS</attrlabl><attalias Sync="TRUE">CTY_FIPS</attalias><attrtype Sync="TRUE">String</attrtype><attwidth Sync="TRUE">3</attwidth><atprecis Sync="TRUE">0</atprecis><attscale Sync="TRUE">0</attscale></attr><attr><attrlabl Sync="TRUE">URL</attrlabl><attalias Sync="TRUE">URL</attalias><attrtype Sync="TRUE">String</attrtype><attwidth Sync="TRUE">200</attwidth><atprecis Sync="TRUE">0</atprecis><attscale Sync="TRUE">0</attscale></attr></detailed></eainfo><mdDateSt Sync="TRUE">20181001</mdDateSt></metadata>
